date,open,close,high,low,volume
2019-01-02,18.44,18.31,18.62,18.18,75638
2019-01-03,18.39,17.91,18.44,17.81,61952
2019-01-04,17.94,18.7,18.79,17.82,80227
2019-01-07,18.66,19.51,19.95,18.39,104975
2019-01-08,19.31,19.66,19.93,19.17,49747
2019-01-09,19.6,19.28,19.9,19.23,57766
2019-01-10,19.28,19.24,19.56,19.07,38519
2019-01-11,18.93,19.68,19.74,18.93,48267
2019-01-14,19.73,18.9,19.73,18.66,59588
2019-01-15,19.04,19.18,19.59,18.91,50482
2019-01-16,19.2,17.96,19.31,17.68,184195
2019-01-17,18.25,18.59,18.85,17.97,116005
2019-01-18,18.56,18.88,19.04,18.26,76839
2019-01-21,18.88,18.36,19.03,18.06,102042
2019-01-22,18.36,18.49,18.68,18.11,61670
2019-01-23,18.49,18.34,18.61,17.96,51758
2019-01-24,18.44,18.85,19.03,18.19,52060
2019-01-25,18.76,18.46,19.31,18.29,69257
2019-01-28,18.71,18.65,19.17,18.55,48913
2019-01-29,18.64,18.13,18.75,17.86,58806
2019-01-30,17.9,17.16,18.31,17.16,71543
2019-01-31,17.2,18.03,18.21,17.2,74744
2019-02-01,18.03,18.01,18.3,17.77,68487
2019-02-11,18.55,18.18,18.66,18.02,59466
2019-02-12,18.15,18.3,18.42,17.97,71475
2019-02-13,18.17,18.7,18.95,17.69,142062
2019-02-14,18.68,18.79,18.99,18.31,71678
2019-02-15,18.65,18.44,18.91,18.39,46061
2019-02-18,18.51,19.12,19.29,18.46,103978
2019-02-19,19.24,19.02,19.26,18.66,59598
2019-02-20,18.91,18.32,18.92,17.88,112266
2019-02-21,18.32,18.29,18.61,18.06,76749
2019-02-22,18.31,18.27,18.46,17.97,78349
2019-02-25,18.27,19.01,19.13,18.06,206266
2019-02-26,18.94,19.13,19.74,18.7,178074
2019-02-27,19.13,18.96,19.61,18.76,101164
2019-02-28,19.26,20.23,20.56,19.16,195857
2019-03-01,20.43,20.2,20.43,19.76,98094
2019-03-04,20.39,20.0,20.79,19.63,180006
2019-03-05,19.96,20.26,20.3,19.64,96437
2019-03-06,20.32,20.36,20.75,19.91,137437
2019-03-07,20.31,21.59,22.24,20.21,190255
2019-03-08,21.11,21.91,22.5,20.66,188888
2019-03-11,21.89,24.12,24.12,21.89,193099
2019-03-12,25.43,24.94,26.54,24.64,256656
2019-03-13,25.46,24.32,25.54,23.52,173415
2019-03-14,24.0,23.03,24.0,22.59,118979
2019-03-15,23.0,22.72,23.25,22.31,113732
2019-03-18,22.82,23.19,23.3,22.41,103635
2019-03-19,23.58,24.48,24.73,23.46,165990
2019-03-20,24.55,23.79,24.71,23.29,88107
2019-03-21,23.66,23.79,24.28,23.44,74756
2019-03-22,23.81,23.23,23.99,22.79,93244
2019-03-25,22.47,22.66,23.11,22.41,84262
2019-03-26,22.79,21.81,23.06,21.51,80593
2019-03-27,22.02,21.72,22.13,21.06,85638
2019-03-28,21.77,21.75,22.36,21.24,87076
2019-03-29,21.86,23.66,23.94,21.39,202891
2019-04-01,23.86,24.95,26.04,23.56,313317
2019-04-02,25.11,24.53,25.34,24.08,136814
2019-04-03,25.09,23.98,25.09,23.3,258090
2019-04-04,23.66,23.6,23.86,23.08,186920
2019-04-08,23.46,23.0,23.9,22.49,121706
2019-04-09,23.08,23.36,23.52,22.58,68039
2019-04-10,23.31,23.53,23.76,22.74,105535
2019-04-11,23.5,22.63,23.5,22.36,120718
2019-04-12,22.59,23.26,23.44,22.26,95444
2019-04-15,23.41,22.7,23.74,22.56,99042
2019-04-16,22.55,22.47,22.55,21.79,89686
2019-04-17,22.33,22.82,22.84,22.19,74791
2019-04-18,22.71,23.2,23.5,22.55,122711
2019-04-19,23.18,22.76,23.35,22.32,57233
2019-04-22,22.9,22.43,23.24,21.89,73444
2019-04-23,22.16,21.34,22.39,21.27,73282
2019-04-24,21.27,21.05,21.75,20.74,108527
2019-04-25,21.11,20.29,21.34,20.2,144869
2019-04-26,20.04,19.67,20.47,19.63,101783
2019-04-29,19.66,19.37,19.95,19.26,103660
2019-04-30,19.36,19.97,20.29,19.14,100158
2019-05-06,19.51,18.52,19.51,18.48,103783
2019-05-07,18.68,19.46,19.66,18.68,94893
2019-05-08,19.36,19.45,19.96,18.87,73920
2019-05-09,19.25,18.76,19.56,18.74,50569
2019-05-10,19.08,20.06,20.41,18.88,109329
2019-05-13,19.76,19.97,20.51,19.67,70537
2019-05-14,19.51,19.69,20.35,19.51,44138
2019-05-15,19.86,19.87,20.11,19.67,32862
2019-05-16,19.87,19.91,20.0,19.65,27121
2019-05-17,19.87,18.94,19.95,18.81,59876
2019-05-20,18.86,17.03,18.86,17.03,120393
2019-05-21,17.16,18.25,18.52,17.12,133229
2019-05-22,18.72,18.02,18.96,17.59,79583
2019-05-23,17.81,17.57,18.16,17.19,64869
2019-05-24,17.8,17.86,17.95,17.19,67524
2019-05-27,17.79,17.86,17.95,17.14,89383
2019-05-28,17.86,17.88,18.04,17.55,61324
2019-05-29,17.85,17.53,17.86,17.46,40540
2019-05-30,17.46,17.36,17.61,17.15,37000
2019-05-31,17.29,17.69,17.81,17.29,41995
2019-06-03,17.72,16.9,17.72,16.54,70775
2019-06-04,17.16,17.31,17.36,16.78,62650
2019-06-05,17.35,16.99,17.54,16.56,75222
2019-06-06,16.93,16.41,16.95,16.26,44977
2019-06-10,16.46,16.67,16.84,16.23,36461
2019-06-11,16.67,17.1,17.19,16.41,46687
2019-06-12,17.11,16.89,17.46,16.87,46286
2019-06-13,17.05,17.49,17.9,16.77,102395
2019-06-14,17.38,16.67,17.46,16.54,76120
2019-06-17,16.53,16.9,16.96,16.5,43808
2019-06-18,16.94,17.47,17.64,16.78,90465
2019-06-19,18.13,18.25,18.73,17.76,106509
2019-06-20,17.83,17.59,17.95,17.16,141105
2019-06-21,17.39,17.5,18.22,16.94,223721
2019-06-24,17.51,17.36,17.83,17.25,88879
2019-06-25,17.25,17.05,17.36,16.78,54095
2019-06-26,16.96,16.88,17.05,16.74,40541
2019-06-27,16.89,17.06,17.35,16.86,51149
2019-06-28,17.12,16.74,17.12,16.48,55040
2019-07-01,17.01,17.46,17.59,16.92,94123
2019-07-02,17.4,17.51,17.76,17.26,75853
2019-07-03,17.52,18.36,18.98,17.46,168266
2019-07-04,18.36,18.61,19.03,18.36,137106
2019-07-05,18.55,19.46,19.61,18.55,144537
2019-07-08,18.26,17.63,18.27,17.5,196456
2019-07-09,17.63,17.34,17.71,16.96,75127
2019-07-10,17.36,17.02,17.42,16.43,123036
2019-07-11,16.77,16.46,16.94,16.38,80725
2019-07-12,16.45,15.92,16.46,14.92,184588
2019-07-15,15.81,15.55,15.81,15.16,102470
2019-07-16,15.58,15.62,15.73,15.32,91579
2019-07-17,15.66,15.56,15.72,15.44,47377
2019-07-18,15.37,15.08,15.41,15.07,58390
2019-07-19,15.09,15.24,15.41,15.09,55930
2019-07-22,15.21,15.24,15.85,15.17,75775
2019-07-23,15.12,15.53,15.61,14.88,74881
2019-07-24,15.52,15.39,15.91,15.31,83667
2019-07-25,15.4,15.48,15.51,15.19,55625
2019-07-26,15.3,14.95,15.41,14.77,118825
2019-07-29,14.86,14.17,14.86,13.96,169863
2019-07-30,14.17,14.9,15.12,14.17,258370
2019-07-31,15.05,14.52,15.05,14.32,154270
2019-08-01,14.39,14.77,14.95,14.16,114489
2019-08-02,14.36,14.37,14.66,14.04,139277
2019-08-05,14.26,13.76,14.34,13.75,104399
2019-08-06,13.24,13.49,13.68,12.76,143027
2019-08-07,13.53,13.47,13.9,13.47,64250
2019-08-08,13.47,13.41,13.7,13.37,57408
2019-08-09,13.51,13.39,13.58,13.19,52015
2019-08-12,13.39,13.44,13.51,13.01,70118
2019-08-13,13.31,13.1,13.36,13.06,52507
2019-08-14,13.35,13.27,13.48,13.18,76608
2019-08-15,12.86,12.87,13.01,12.65,132027
2019-08-16,12.89,13.2,13.5,12.78,142849
2019-08-19,13.45,13.64,13.7,13.17,186526
2019-08-20,13.64,14.06,14.2,13.56,157903
2019-08-21,13.96,13.81,14.03,13.71,75163
2019-08-22,13.84,13.93,13.99,13.59,69082
2019-08-23,14.07,13.8,14.22,13.7,68327
2019-08-26,13.36,13.56,13.6,13.22,51523
2019-08-27,13.66,14.04,14.11,13.64,108256
2019-08-28,14.13,13.79,14.13,13.74,86785
2019-08-29,13.85,13.69,13.86,13.59,57150
2019-08-30,13.82,13.42,13.95,13.34,76440
2019-09-02,14.11,14.78,14.78,13.98,270103
2019-09-03,14.94,15.19,15.76,14.79,448368
2019-09-04,15.08,15.67,15.7,15.08,287967
2019-09-05,15.67,15.49,16.06,15.46,303929
2019-09-06,15.76,15.74,16.02,15.5,164496
2019-09-09,15.9,16.4,16.46,15.71,217025
2019-09-10,16.36,15.8,16.36,15.7,198786
2019-09-11,15.79,15.79,15.95,15.57,121369
2019-09-12,15.85,15.86,15.93,15.59,87674
2019-09-16,15.87,16.19,16.56,15.56,202252
2019-09-17,16.06,16.55,16.96,15.92,240102
2019-09-18,16.55,17.04,17.25,16.29,260933
2019-09-19,17.23,16.93,17.25,16.57,170455
2019-09-20,16.86,16.95,17.4,16.63,143500
2019-09-23,16.69,15.99,16.72,15.66,226102
2019-09-24,15.83,15.95,16.31,15.61,147865
2019-09-25,15.86,15.81,16.15,15.72,123100
2019-09-26,15.86,15.16,15.97,15.09,144817
2019-09-27,15.2,15.38,15.52,15.16,75471
2019-09-30,15.43,15.76,16.31,15.34,139441
2019-10-08,15.78,15.48,16.0,15.35,85322
2019-10-09,15.41,15.51,15.53,15.16,55396
2019-10-10,15.56,15.59,15.79,15.46,75068
2019-10-11,15.68,15.87,15.96,15.21,114056
2019-10-14,15.92,16.24,16.81,15.92,193968
2019-10-15,16.16,16.08,16.55,16.04,124576
2019-10-16,16.18,16.27,16.34,15.76,139711
2019-10-17,16.13,16.58,16.78,16.06,121113
2019-10-18,16.47,16.39,16.61,16.01,89392
2019-10-21,16.37,16.66,16.66,16.09,96597
2019-10-22,16.67,16.56,16.78,16.11,115744
2019-10-23,16.24,15.54,16.24,15.48,160191
2019-10-24,15.41,15.46,15.72,15.25,78382
2019-10-25,15.31,15.18,15.44,15.05,86174
2019-10-28,15.36,15.54,15.56,15.08,141998
2019-10-29,15.48,14.82,15.51,14.72,166108
2019-10-30,14.65,14.2,14.72,14.18,111585
2019-10-31,14.21,14.26,14.39,13.98,117527
2019-11-01,14.17,14.27,14.4,14.09,89320
2019-11-04,14.41,14.31,14.59,14.19,80000
2019-11-05,14.34,14.31,14.39,14.13,83268
2019-11-06,14.36,14.03,14.36,13.91,88906
2019-11-07,14.04,14.53,14.57,14.02,128903
2019-11-08,15.14,14.78,15.35,14.64,250973
2019-11-11,14.56,14.66,14.93,14.32,132814
2019-11-12,14.45,14.64,14.67,14.32,82122
2019-11-13,14.73,14.39,14.74,14.34,72140
2019-11-14,14.47,14.3,14.47,14.15,73286
2019-11-15,14.37,15.07,15.41,14.37,255250
2019-11-18,14.81,15.22,15.4,14.71,195754
2019-11-19,15.25,16.76,16.76,15.16,360200
2019-11-20,17.81,17.03,18.24,16.86,687653
2019-11-21,16.77,16.53,17.11,16.11,405117
2019-11-22,16.45,16.16,16.72,15.92,301825
2019-11-25,16.18,15.96,16.24,15.66,193236
2019-11-26,16.06,15.81,16.23,15.79,192008
2019-11-27,15.71,15.81,15.95,15.58,141447
2019-11-28,15.76,15.45,15.81,15.31,157947
2019-11-29,15.4,15.49,15.58,15.05,170418
2019-12-02,15.45,15.92,15.92,15.28,190214
2019-12-03,15.74,15.76,15.78,15.43,123166
2019-12-04,15.56,16.15,16.39,15.52,276662
2019-12-05,16.75,16.15,16.81,16.03,310950
2019-12-06,16.12,17.01,17.28,15.94,560963
2019-12-09,17.18,18.1,18.15,17.04,644310
2019-12-10,17.87,17.96,18.36,17.63,479710
2019-12-11,18.03,17.87,18.6,17.81,487229
2019-12-12,18.26,18.38,18.81,18.06,468767
2019-12-13,18.78,18.32,18.87,17.9,358780
2019-12-16,18.46,19.64,19.96,17.96,535549
2019-12-17,19.46,20.11,20.61,19.46,506067
2019-12-18,20.11,22.14,22.14,20.11,362326
2019-12-19,23.31,22.19,23.55,21.19,570738
2019-12-20,22.13,21.86,23.5,21.75,479256
2019-12-23,21.52,21.86,23.14,21.52,349230
2019-12-24,21.94,23.46,23.52,21.63,434836
2019-12-25,23.24,23.82,24.94,22.87,521602
2019-12-26,23.8,23.73,24.16,23.19,255518
2019-12-27,23.75,23.05,24.37,22.95,292301
2019-12-30,22.66,22.88,23.31,20.86,294997
2019-12-31,22.78,23.13,23.38,22.66,209974
2020-01-02,23.52,24.87,25.46,23.27,318854
2020-01-03,25.36,25.77,26.6,25.15,309263
2020-01-06,25.26,27.29,28.34,24.97,359785
2020-01-07,27.21,28.73,29.06,27.16,393954
2020-01-08,27.99,27.86,28.81,27.51,223404
2020-01-09,28.26,28.25,29.06,27.26,253676
2020-01-10,28.09,28.06,28.66,27.87,191739
2020-01-13,27.79,28.01,28.1,26.67,295819
2020-01-14,28.06,28.86,29.86,28.06,296013
2020-01-15,28.65,27.97,29.11,27.76,215185
2020-01-16,27.91,27.64,28.68,27.13,196970
2020-01-17,27.86,27.39,28.34,27.14,150561
2020-01-20,27.66,27.41,28.02,26.81,281588
2020-01-21,27.46,27.66,27.99,27.17,189583
2020-01-22,27.19,27.18,27.46,25.86,287075
2020-01-23,26.88,27.56,29.62,26.86,381033
2020-02-03,25.11,25.41,28.83,24.79,400798
2020-02-04,24.83,27.2,27.81,24.81,372549
2020-02-05,27.6,26.66,28.41,26.21,383252
2020-02-06,26.51,29.34,29.34,26.19,445594
2020-02-07,29.5,32.02,32.16,29.27,497486
2020-02-10,31.61,30.26,31.94,29.36,409475
2020-02-11,30.01,30.52,30.69,28.46,310892
2020-02-12,30.16,30.77,31.15,29.69,245722
2020-02-13,30.36,29.56,30.56,29.32,286558
2020-02-14,29.23,28.91,29.86,28.63,202334
2020-02-17,29.16,29.98,30.19,28.71,210112
2020-02-18,29.97,29.9,30.46,29.46,183427
2020-02-19,29.7,27.77,29.83,27.66,358099
2020-02-20,28.01,27.99,28.48,27.08,267709
2020-02-21,28.06,28.18,28.88,27.73,320690
2020-02-24,27.96,28.53,28.98,27.51,321729
2020-02-25,27.81,27.48,28.05,25.88,454835
2020-02-26,26.86,25.62,27.0,25.39,362347
2020-02-27,25.88,27.33,28.19,25.86,401982
2020-02-28,26.63,26.87,28.36,26.04,350502
2020-03-02,27.46,24.3,27.86,24.17,978966
2020-03-03,23.96,23.08,24.51,22.63,1005507
2020-03-04,23.04,23.16,23.48,22.45,535521
2020-03-05,23.3,22.73,23.44,22.3,464695
2020-03-06,22.27,22.55,23.21,22.21,392617
2020-03-09,22.16,20.64,22.3,20.59,696385
2020-03-10,20.46,21.96,22.05,20.46,558452
2020-03-11,22.06,21.38,22.36,21.32,370921
2020-03-12,21.38,21.95,22.53,21.15,549321
2020-03-13,20.97,21.76,22.11,20.54,430130
2020-03-16,21.86,20.78,22.63,20.74,570527
2020-03-17,21.46,21.31,21.56,20.26,378719
2020-03-18,21.56,21.02,22.08,20.93,447260
2020-03-19,21.45,22.54,22.54,21.19,606645
2020-03-20,23.02,22.95,23.34,22.56,583074
2020-03-23,22.08,22.26,22.94,22.08,365209
2020-03-24,22.81,20.85,22.9,20.02,609002
2020-03-25,21.34,22.03,22.22,20.99,469079
2020-03-26,21.82,21.16,21.92,21.01,377425
2020-03-27,21.54,20.25,21.61,20.18,438034
2020-03-30,19.86,18.92,19.87,18.34,466146
2020-03-31,19.24,18.65,19.36,18.56,295267
2020-04-01,18.61,18.91,19.36,18.58,284139
2020-04-02,18.87,19.56,19.56,18.8,285546
2020-04-03,19.39,19.34,19.79,19.21,244618
2020-04-07,19.86,20.28,20.48,19.77,340929
2020-04-08,20.12,20.53,20.76,20.09,302944
2020-04-09,20.67,21.31,21.66,20.26,361437
2020-04-10,21.27,20.21,21.28,20.19,272291
2020-04-13,20.03,20.15,20.53,19.66,159508
2020-04-14,20.45,21.96,22.04,20.31,467553
2020-04-15,21.76,21.7,22.31,21.53,339764
2020-04-16,21.54,22.08,22.32,21.47,329252
2020-04-17,22.26,21.58,22.49,21.32,367275
2020-04-20,21.47,21.86,21.94,21.2,222341
2020-04-21,21.72,21.8,22.04,21.48,244837
2020-04-22,21.51,21.71,21.78,21.07,281595
2020-04-23,21.76,22.01,22.64,21.01,479648
2020-04-24,21.81,20.98,21.91,20.87,291673
2020-04-27,21.08,20.28,21.18,20.19,235479
2020-04-28,20.3,20.41,20.79,19.52,285184
2020-04-29,18.36,18.36,18.36,18.36,139618
2020-04-30,17.67,18.46,18.6,17.66,728009
2020-05-06,18.05,19.2,19.25,18.05,447802
2020-05-07,18.93,19.06,19.77,18.93,424917
2020-05-08,19.24,19.57,19.74,19.14,313136
2020-05-11,19.68,19.06,19.82,18.79,383448
2020-05-12,19.16,18.99,19.36,18.57,324938
2020-05-13,18.79,18.95,19.22,18.76,211553
2020-05-14,19.16,19.55,20.34,19.06,575881
2020-05-15,19.67,19.48,19.82,19.27,373334
2020-05-18,19.37,18.81,19.49,18.7,336004
2020-05-19,19.01,19.66,19.74,18.73,412747
2020-05-20,19.57,19.34,19.9,19.28,278661
2020-05-21,19.58,19.63,20.13,19.15,382124
2020-05-22,19.7,19.06,19.96,19.06,311968
2020-05-25,19.07,17.97,19.19,17.77,488876
2020-05-26,18.09,19.21,19.3,17.97,442641
2020-05-27,19.39,19.17,19.49,18.83,311869
2020-05-28,19.25,18.66,19.35,18.27,294684
2020-05-29,18.46,19.01,19.6,18.36,324288
2020-06-01,19.11,20.06,20.23,19.02,507331
2020-06-02,20.29,20.3,20.79,20.22,426271
2020-06-03,20.47,20.38,20.94,20.22,345749
2020-06-04,20.53,20.35,20.61,20.16,258228
2020-06-05,20.26,20.83,20.91,20.19,351989
2020-06-08,21.01,20.78,21.46,20.57,374776
2020-06-09,20.64,21.21,21.31,20.44,377375
2020-06-10,21.58,21.3,22.02,21.17,445355
2020-06-11,21.54,21.85,22.56,21.41,625989
2020-06-12,20.88,21.64,21.94,20.88,582441
2020-06-15,21.66,22.78,23.31,21.4,858550
2020-06-16,23.39,23.0,23.54,22.54,653064
2020-06-17,22.67,22.27,23.01,21.92,576461
2020-06-18,22.55,22.49,23.22,22.36,473169
2020-06-19,22.31,22.48,22.94,21.98,422752
2020-06-22,22.96,22.68,23.13,22.46,389725
2020-06-23,23.06,24.96,24.96,23.06,602407
2020-06-24,24.96,25.83,26.46,24.9,1004848
2020-06-29,25.61,25.18,26.36,24.99,647003
2020-06-30,25.54,25.94,26.05,25.04,556694
2020-07-01,26.04,25.39,26.23,24.87,600720
2020-07-02,25.26,25.4,25.71,24.96,484977
2020-07-03,25.16,25.39,25.76,24.67,489575
2020-07-06,25.34,26.42,26.62,25.1,655431
2020-07-07,26.52,26.79,27.7,25.88,710431
2020-07-08,26.7,27.36,27.61,26.12,583064
2020-07-09,27.21,28.21,28.66,27.06,554765
2020-07-10,27.81,27.46,28.15,27.17,465867
2020-07-13,27.19,28.05,28.05,26.96,485677
2020-07-14,27.86,27.26,28.74,26.74,542897
2020-07-15,25.88,24.52,26.33,24.52,687469
2020-07-16,23.95,22.11,24.24,22.05,851105
2020-07-17,22.36,21.85,22.61,21.49,539318
2020-07-20,22.0,22.36,22.46,21.72,425758
2020-07-21,22.37,22.28,22.59,21.96,350697
2020-07-22,22.2,22.49,22.92,22.01,401365
2020-07-23,22.1,22.08,22.45,21.5,396504
2020-07-24,21.89,20.86,22.39,20.37,414477
2020-07-27,20.95,20.94,21.33,20.84,222898
2020-07-28,21.27,21.14,21.47,20.86,197580
2020-07-29,21.01,21.95,22.0,20.9,352791
2020-07-30,22.12,21.59,22.22,21.54,289423
2020-07-31,21.77,22.07,22.32,21.59,352649
2020-08-03,22.16,22.47,22.49,21.85,432454
2020-08-04,22.44,21.71,22.44,21.64,394380
2020-08-05,21.68,22.12,22.16,21.53,300277
2020-08-06,22.18,21.74,22.18,21.46,283051
2020-08-07,21.76,21.12,21.93,20.69,294618
2020-08-10,20.97,21.35,21.46,20.87,174603
2020-08-11,21.24,20.65,21.38,20.65,218639
2020-08-12,20.59,20.21,20.79,19.81,252468
2020-08-13,20.35,20.58,21.21,20.26,248135
2020-08-14,20.61,20.79,20.82,20.41,165785
2020-08-17,20.92,21.17,21.22,20.68,207237
2020-08-18,21.19,21.22,21.46,20.98,234943
2020-08-19,21.16,20.66,21.17,20.63,183700
2020-08-20,20.38,20.73,20.9,20.29,132913
2020-08-21,20.96,21.16,21.66,20.87,292385
2020-08-24,21.06,21.06,21.13,20.57,202418
2020-08-25,21.09,21.35,21.53,20.96,223868
2020-08-26,21.5,20.49,21.65,20.45,270662
2020-08-27,20.48,20.73,20.79,20.19,140170
2020-08-28,20.75,20.85,20.94,20.47,148652
2020-08-31,21.0,20.6,21.22,20.6,213730
2020-09-01,20.68,20.42,20.68,20.23,174144
2020-09-02,20.83,20.74,21.25,20.61,243725
2020-09-03,20.46,20.36,20.64,20.3,174658
2020-09-04,19.95,20.25,20.3,19.94,144506
2020-09-07,20.14,19.52,20.28,19.47,224890
2020-09-08,19.55,19.89,19.98,19.25,162453
2020-09-09,19.65,19.09,19.73,19.01,175158
2020-09-10,19.27,18.64,19.4,18.52,163370
2020-09-11,18.6,18.84,18.93,18.53,97165
2020-09-14,19.04,18.81,19.08,18.64,112687
2020-09-15,18.72,18.88,19.18,18.71,119885
2020-09-16,18.8,18.42,18.85,18.26,151616
2020-09-17,18.33,18.67,18.81,18.12,130515
2020-09-18,18.73,18.97,18.98,18.45,114394
2020-09-21,19.03,18.86,19.21,18.8,98209
2020-09-22,18.73,18.49,18.79,18.41,87546
2020-09-23,18.55,18.75,18.87,18.4,99602
2020-09-24,18.6,18.21,18.91,18.16,137117
2020-09-25,18.35,18.32,18.38,18.0,97003
2020-09-28,18.31,17.83,18.41,17.8,104681
2020-09-29,17.9,17.88,18.11,17.84,69529
2020-09-30,17.94,17.43,18.0,17.35,122164
2020-10-09,17.65,18.01,18.38,17.65,160463
2020-10-12,18.1,18.74,18.79,18.04,209199
2020-10-13,18.66,18.51,18.69,18.34,115857
2020-10-14,18.35,17.9,18.45,17.83,222845
2020-10-15,16.96,16.5,17.3,16.47,476948
2020-10-16,16.32,16.05,16.44,15.95,251851
2020-10-19,16.17,15.94,16.29,15.89,137535
2020-10-20,15.91,16.24,16.24,15.85,119090
2020-10-21,16.15,15.95,16.21,15.86,108787
2020-10-22,16.0,15.94,16.04,15.65,88111
2020-10-23,15.89,15.72,16.08,15.66,93149
2020-10-26,15.7,15.52,15.7,15.31,91326
2020-10-27,15.38,15.43,15.6,15.33,73998
2020-10-28,15.48,15.83,15.86,15.43,142059
2020-10-29,15.63,15.98,16.14,15.57,115591
2020-10-30,16.15,15.61,16.19,15.59,114695
2020-11-02,15.68,15.35,15.75,15.35,98576
2020-11-03,15.47,15.89,16.03,15.37,114314
2020-11-04,15.96,16.11,16.13,15.7,128451
2020-11-05,16.24,16.19,16.37,15.97,125249
2020-11-06,16.14,16.18,16.3,16.05,103020
2020-11-09,16.31,16.84,16.9,16.31,235648
2020-11-10,16.95,16.88,17.09,16.58,165572
2020-11-11,16.75,16.61,16.9,16.55,92608
2020-11-12,16.74,16.37,16.77,16.34,91775
2020-11-13,16.34,16.47,16.51,16.07,91444
2020-11-16,16.64,17.0,17.12,16.55,183055
2020-11-17,16.95,16.9,17.12,16.71,110955
2020-11-18,16.76,16.75,17.01,16.64,84022
2020-11-19,16.7,16.76,16.82,16.48,64153
2020-11-20,16.69,16.69,16.82,16.5,80660
2020-11-23,16.66,16.95,17.0,16.38,152706
2020-11-24,16.9,16.93,17.1,16.8,98026
2020-11-25,16.93,16.53,16.98,16.53,91653
2020-11-26,16.47,16.43,16.69,16.39,64883
2020-11-27,16.43,16.28,16.59,16.1,82639
2020-11-30,16.19,16.42,17.09,16.11,204049
2020-12-01,16.56,17.16,17.41,16.56,306095
2020-12-02,17.2,16.99,17.34,16.92,170285
2020-12-03,17.1,16.97,17.12,16.88,107019
2020-12-04,16.96,17.0,17.19,16.83,95611
2020-12-07,17.0,16.78,17.01,16.75,75282
2020-12-08,16.78,16.81,17.11,16.78,100107
2020-12-09,16.81,16.2,16.84,16.19,129485
2020-12-10,16.1,15.88,16.2,15.84,112682
2020-12-11,15.92,16.13,16.26,15.62,149807
2020-12-14,16.07,16.0,16.14,15.83,77271
2020-12-15,15.96,15.57,15.97,15.4,166360
2020-12-16,15.53,15.47,15.7,15.42,76868
2020-12-17,15.24,14.66,15.43,14.53,385354
2020-12-18,14.66,14.22,14.79,14.17,315577
2020-12-21,14.1,14.48,14.54,14.06,170194
2020-12-22,14.42,14.43,14.69,14.33,189377
2020-12-23,14.37,14.02,14.4,14.0,166286
2020-12-24,13.01,13.16,13.49,12.66,383397
2020-12-25,12.99,13.25,13.62,12.93,243159
2020-12-28,12.15,11.92,12.45,11.92,324648
2020-12-29,11.27,12.22,12.6,11.26,752474
2020-12-30,12.34,13.15,13.44,12.17,672098
2020-12-31,13.03,13.11,13.31,12.9,418003
2021-01-04,13.09,13.55,13.92,13.04,371902
2021-01-05,13.6,13.56,14.06,13.27,405628
2021-01-06,13.4,13.52,13.64,13.2,275744
2021-01-07,13.43,13.19,13.64,13.05,216105
2021-01-08,13.18,14.1,14.34,13.0,359076
2021-01-11,14.0,14.42,14.7,14.0,331372
2021-01-12,14.42,13.87,14.47,13.62,336407
2021-01-13,13.76,13.17,13.86,12.49,406003
2021-01-14,12.98,12.8,13.23,12.65,257761
2021-01-15,12.95,13.13,13.6,12.71,254938
2021-01-18,13.04,12.75,13.24,12.68,292143
2021-01-19,12.76,12.73,12.95,12.63,173197
2021-01-20,12.73,12.79,13.0,12.38,212339
2021-01-21,12.85,13.07,13.23,12.77,229862
2021-01-22,13.02,12.38,13.02,12.33,253687
2021-01-25,12.32,12.03,12.33,11.91,157078
2021-01-26,12.13,12.03,12.45,12.03,141036
2021-01-27,12.03,13.24,13.24,11.96,437281
2021-01-28,13.46,13.47,13.94,13.4,656837
2021-01-29,13.42,12.85,13.58,12.7,435973
2021-02-01,11.56,11.56,11.83,11.56,229145
2021-02-02,11.33,10.85,11.36,10.57,591994
2021-02-03,10.92,10.28,11.05,10.25,406019
2021-02-04,10.35,9.92,10.44,9.46,447411
2021-02-05,10.13,10.16,10.55,9.87,344802
2021-02-08,10.25,10.0,10.28,9.76,207345
2021-02-09,10.0,10.11,10.19,9.9,170046
2021-02-10,10.14,10.11,10.31,9.99,181164
2021-02-18,10.2,10.39,10.43,10.19,258145
2021-02-19,10.4,11.05,11.07,10.31,311790
2021-02-22,10.94,10.98,11.23,10.85,316918
2021-02-23,10.98,10.71,10.98,10.6,235143
2021-02-24,10.7,10.91,11.15,10.6,246908
2021-02-25,11.05,10.73,11.07,10.65,176103
2021-02-26,10.62,10.68,11.02,10.54,201702
2021-03-01,10.73,10.87,10.99,10.72,188591
2021-03-02,10.94,10.81,10.97,10.6,228990
2021-03-03,10.75,10.88,11.03,10.69,219367
2021-03-04,10.81,10.83,10.98,10.78,162785
2021-03-05,10.85,11.16,11.45,10.79,375693
2021-03-08,11.16,11.0,11.36,11.0,274064
2021-03-09,11.07,10.7,11.1,10.48,256776
2021-03-10,10.8,10.23,10.85,10.2,264513
2021-03-11,10.22,10.82,11.26,10.1,436177
2021-03-12,10.71,10.49,10.83,10.42,268363
2021-03-15,10.45,10.22,10.49,10.2,176824
2021-03-16,10.22,10.42,10.44,10.19,122454
2021-03-17,10.4,10.43,10.53,10.3,126038
2021-03-18,10.43,10.3,10.47,10.25,120755
2021-03-19,10.22,10.46,10.5,10.15,161213
2021-03-22,10.48,10.53,10.61,10.39,165003
2021-03-23,10.58,11.59,11.59,10.55,649239
2021-03-24,11.76,12.75,12.75,11.63,887345
2021-03-25,13.05,12.76,13.75,12.45,888014
2021-03-26,12.77,12.57,13.08,12.18,593836
2021-03-29,12.6,12.61,12.88,12.5,383996
2021-03-30,12.26,12.14,12.4,11.99,407305
2021-03-31,12.23,11.78,12.26,11.77,257241
2021-04-01,11.81,11.87,11.99,11.59,221971
2021-04-02,11.82,12.03,12.23,11.61,287749
2021-04-06,12.03,13.24,13.24,11.9,491185
2021-04-07,13.22,14.08,14.39,13.05,929853
2021-04-08,14.17,13.83,15.34,13.67,1094555
2021-04-09,13.59,15.22,15.22,13.59,1004038
2021-04-12,14.94,14.44,14.94,14.15,671482
2021-04-13,14.47,14.99,15.8,14.47,749538
2021-04-14,15.13,14.85,15.2,14.63,365379
2021-04-15,14.85,14.18,14.86,14.14,420230
2021-04-16,14.26,14.46,14.79,14.25,330533
2021-04-19,14.23,14.31,14.67,14.06,324996
2021-04-20,14.34,14.31,15.03,14.18,397206
2021-04-21,14.15,14.35,14.69,13.91,317152
2021-04-22,14.35,14.19,14.51,14.13,218973
2021-04-23,14.25,14.04,14.34,13.85,205623
2021-04-26,14.04,13.85,14.14,13.59,252112
2021-04-27,13.79,13.85,14.28,13.7,214106
2021-04-28,13.7,13.36,13.84,13.25,292959
2021-04-29,13.37,14.7,14.7,13.26,550253
2021-04-30,14.38,15.38,16.15,14.38,948172
2021-05-06,14.95,14.83,15.33,14.75,399958
2021-05-07,14.75,15.73,15.79,14.35,553029
2021-05-10,15.45,15.54,16.02,15.25,401949
2021-05-11,15.54,15.4,15.9,14.8,349808
2021-05-12,15.47,15.63,16.22,15.3,354262
2021-05-13,16.03,15.71,16.45,15.62,402304
2021-05-14,15.78,15.34,15.78,15.15,309445
2021-05-17,14.98,15.25,15.38,14.85,251901
2021-05-18,15.25,15.68,15.83,15.03,276082
2021-05-19,15.53,15.8,15.8,15.17,221872
2021-05-20,15.7,17.36,17.39,15.32,636247
2021-05-21,17.25,16.86,17.46,16.77,421305
2021-05-24,16.87,16.8,17.2,16.5,313805
2021-05-25,16.71,16.57,17.07,16.45,257085
2021-05-26,16.9,17.05,17.45,16.61,332082
2021-05-27,17.12,18.76,18.76,17.11,658743
2021-05-28,19.23,19.31,19.8,18.53,643412
2021-05-31,19.33,18.15,19.48,17.9,746392
2021-06-01,17.25,16.33,17.54,16.33,735946
2021-06-02,15.52,15.02,16.09,14.9,801034
2021-06-03,16.4,16.53,16.53,15.65,391426
2021-06-04,17.15,17.31,17.81,16.65,770641
2021-06-07,17.3,17.35,18.13,16.51,707773
2021-06-08,17.37,16.83,17.5,16.75,342716
2021-06-09,16.94,17.77,18.43,16.47,557597
2021-06-10,17.77,17.54,18.03,17.2,421587
2021-06-11,17.25,16.93,17.42,16.73,326338
2021-06-15,16.31,15.95,16.53,15.77,313630
2021-06-16,15.94,16.07,16.6,15.78,221169
2021-06-17,16.06,16.14,16.39,15.96,180712
2021-06-18,16.05,17.76,17.76,15.95,477889
2021-06-21,18.12,17.77,18.19,17.47,488594
2021-06-22,17.96,17.45,18.09,17.25,321594
2021-06-23,17.3,17.75,18.08,17.28,303362
2021-06-24,17.92,18.24,18.6,17.45,388028
2021-06-25,17.96,17.92,18.19,17.57,261353
2021-06-28,17.71,17.83,18.02,17.4,245403
2021-06-29,17.82,17.73,18.31,17.55,215188
2021-06-30,17.45,17.12,17.73,17.1,245939
2021-07-01,17.47,16.64,17.73,16.64,253139
2021-07-02,16.9,16.72,17.04,16.36,191533
2021-07-05,16.73,16.93,17.45,16.55,307676
2021-07-06,16.95,16.77,17.03,16.55,199228
2021-07-07,16.63,16.53,16.84,16.38,204708
2021-07-08,16.53,15.9,16.55,15.81,275491
2021-07-09,16.63,16.25,17.25,16.08,403297
2021-07-12,15.88,15.57,16.1,15.51,331538
2021-07-13,15.41,15.62,16.05,15.21,249100
2021-07-14,15.46,15.04,15.72,14.97,264318
2021-07-15,14.92,15.12,15.37,14.65,235859
2021-07-16,14.98,15.7,15.77,14.9,266591
2021-07-19,15.43,15.08,15.52,15.0,202964
2021-07-20,15.03,15.34,15.63,14.85,211714
2021-07-21,15.3,15.41,15.53,15.13,147817
2021-07-22,15.45,15.62,15.74,15.25,176020
2021-07-23,15.46,15.08,15.52,15.04,190774
2021-07-26,14.73,13.68,14.79,13.57,326271
2021-07-27,13.69,13.4,13.92,13.27,204282
2021-07-28,13.43,12.86,13.58,12.73,216869
2021-07-29,12.95,13.13,13.38,12.95,147051
2021-07-30,13.14,13.57,13.65,13.02,184574
2021-08-02,13.35,13.37,13.51,13.05,168166
2021-08-03,13.12,12.83,13.37,12.45,331494
2021-08-04,12.82,12.55,12.94,12.5,238819
2021-08-05,12.46,12.14,12.5,12.06,231230
2021-08-06,12.11,12.06,12.28,11.84,163366
2021-08-09,11.95,12.16,12.24,11.9,158426
2021-08-10,12.16,12.26,12.29,12.11,132183
2021-08-11,12.25,12.29,12.73,12.16,247145
2021-08-12,12.34,12.21,12.51,12.16,147704
2021-08-13,12.12,12.1,12.25,12.0,128418
2021-08-16,12.05,12.0,12.18,11.99,125115
2021-08-17,11.96,11.61,12.02,11.56,184069
2021-08-18,11.57,11.71,11.72,11.33,143955
2021-08-19,11.72,11.49,11.86,11.48,115023
2021-08-20,11.73,11.38,11.9,11.11,171667
2021-08-23,11.34,11.65,11.71,11.27,146916
2021-08-24,11.66,11.72,11.85,11.49,131946
2021-08-25,11.71,12.9,12.9,11.7,185565
2021-08-26,12.82,12.21,12.82,12.1,343587
2021-08-27,12.25,12.5,12.95,12.06,263272
2021-08-30,12.51,12.49,12.67,12.2,190337
2021-08-31,11.98,12.12,12.33,11.76,192233
2021-09-01,12.09,12.76,13.04,12.05,312928
2021-09-02,12.6,12.75,13.18,12.55,244854
2021-09-03,12.61,13.23,13.7,12.58,287301
2021-09-06,13.03,13.22,13.4,12.86,183570
2021-09-07,13.22,13.32,13.55,13.08,175433
2021-09-08,13.44,14.11,14.2,13.41,375230
2021-09-09,13.71,13.15,13.72,13.08,340020
2021-09-10,13.08,13.21,13.32,13.0,161617
2021-09-13,13.11,13.24,13.6,12.78,197520
2021-09-14,13.11,12.79,13.35,12.76,171855
2021-09-15,12.79,12.73,12.96,12.63,103831
2021-09-16,12.64,12.43,12.86,12.3,147022
2021-09-17,12.5,12.16,12.5,12.01,113941
2021-09-22,11.95,12.09,12.15,11.95,74943
2021-09-23,12.11,12.07,12.39,12.03,114619
2021-09-24,12.05,11.99,12.17,11.9,104278
2021-09-27,12.04,11.63,12.08,11.51,148496
2021-09-28,11.63,11.78,11.87,11.55,80022
2021-09-29,11.53,11.45,11.67,11.41,100710
2021-09-30,11.53,11.67,11.67,11.48,66936
2021-10-08,11.75,11.96,12.04,11.68,87975
2021-10-11,11.97,12.19,12.4,11.92,124511
2021-10-12,12.06,11.87,12.17,11.78,91112
2021-10-13,11.9,11.75,11.95,11.69,58498
2021-10-14,11.75,11.63,11.77,11.55,60328
2021-10-15,12.8,12.57,12.8,12.4,474657
2021-10-18,11.98,11.75,12.17,11.75,285565
2021-10-19,11.82,12.93,12.93,11.72,435252
2021-10-20,12.95,13.26,13.65,12.67,534743
2021-10-21,12.8,12.93,13.41,12.65,326106
2021-10-22,13.03,12.65,13.08,12.6,207908
2021-10-25,12.62,12.69,12.81,12.45,159080
2021-10-26,12.58,12.4,12.69,12.34,161044
2021-10-27,12.6,12.95,13.2,12.42,286123
2021-10-28,12.8,12.93,13.0,12.61,171883
2021-10-29,12.97,13.24,13.37,12.8,250681
2021-11-01,13.05,13.07,13.46,12.77,241592
2021-11-02,12.91,12.69,13.07,12.6,187510
2021-11-03,12.77,13.02,13.15,12.7,188437
2021-11-04,12.93,13.46,13.57,12.87,278112
2021-11-05,13.24,13.61,13.93,13.11,368180
2021-11-08,13.75,13.77,13.99,13.4,324892
2021-11-09,13.59,13.58,13.93,13.49,206343
2021-11-10,13.5,13.68,14.04,13.46,238393
2021-11-11,13.56,15.05,15.05,13.32,626552
2021-11-12,15.01,15.29,15.6,14.71,619099
2021-11-15,15.3,15.9,16.09,15.01,529466
2021-11-16,15.77,15.55,15.99,15.35,371884
2021-11-17,15.4,15.21,15.67,15.08,325149
2021-11-18,15.23,14.94,15.3,14.76,300525
2021-11-19,14.55,15.45,15.51,14.54,289884
2021-11-22,15.44,15.67,16.27,15.15,361474
2021-11-23,15.58,16.09,16.34,15.55,330834
2021-11-24,16.06,16.41,16.68,16.03,279930
2021-11-25,16.35,15.76,16.74,15.58,443877
2021-11-26,15.87,16.82,17.02,15.45,424936
2021-11-29,16.18,15.95,16.25,15.8,376354
2021-11-30,15.84,15.29,16.08,15.2,355113
2021-12-01,15.4,15.57,15.92,15.39,225161
2021-12-02,15.57,15.3,15.72,15.26,167006
2021-12-03,15.3,15.32,15.75,15.25,193502
2021-12-06,15.18,14.42,15.23,14.15,397631
2021-12-07,14.45,14.39,14.51,14.19,184733
2021-12-08,14.39,14.74,14.99,14.24,199140
2021-12-09,14.66,14.57,15.16,14.52,208455
2021-12-10,14.45,14.66,14.94,14.34,207379
2021-12-13,14.75,14.9,15.24,14.72,284654
2021-12-14,14.91,14.77,15.18,14.66,213567
2021-12-15,14.66,14.65,14.92,14.55,175824
2021-12-16,14.65,14.88,15.14,14.55,202141
2021-12-17,14.89,14.83,15.06,14.61,202580
2021-12-20,14.75,14.3,15.04,14.27,219362
2021-12-21,14.14,14.32,14.47,14.13,151097
2021-12-22,14.35,15.02,15.61,14.23,418944
2021-12-23,15.06,14.93,15.49,14.9,248148
2021-12-24,14.97,14.49,15.07,14.35,175363
2021-12-27,14.7,14.45,14.7,14.2,127428
2021-12-28,14.53,14.61,14.72,14.39,135814
2021-12-29,14.61,14.34,14.66,14.32,140966
2021-12-30,14.32,14.75,15.1,14.27,291483
2021-12-31,14.85,15.19,15.5,14.81,253858
2022-01-04,15.29,15.33,15.52,15.13,205290
2022-01-05,15.25,15.43,15.74,15.08,287318
2022-01-06,15.23,14.98,15.23,14.75,214169
2022-01-07,14.94,14.97,15.83,14.91,327574
2022-01-10,14.91,14.8,15.1,14.35,192367
2022-01-11,14.82,14.19,14.98,14.09,249517
2022-01-12,14.21,14.15,14.28,13.93,158531
2022-01-13,14.12,13.77,14.29,13.76,184621
2022-01-14,13.75,13.85,14.09,13.5,140151
2022-01-17,13.75,14.03,14.14,13.7,137123
2022-01-18,14.03,13.63,14.12,13.57,146477
2022-01-19,14.03,13.96,14.28,13.73,242754
2022-01-20,13.82,13.29,13.99,13.25,190646
2022-01-21,13.24,13.07,13.45,12.95,142037
2022-01-24,12.88,13.11,13.19,12.79,95310
2022-01-25,12.96,12.38,13.1,12.37,128764
2022-01-26,12.45,12.37,12.6,12.07,81620
2022-01-27,12.35,11.9,12.4,11.86,124488
2022-01-28,12.19,12.05,12.19,11.84,97193
2022-02-07,12.26,12.39,12.45,12.09,107364
2022-02-08,12.39,12.56,12.7,12.2,85491
2022-02-09,12.57,12.69,12.72,12.46,82257
2022-02-10,12.74,12.65,12.74,12.55,65523
2022-02-11,12.57,12.4,12.69,12.36,87391
2022-02-14,12.65,12.59,12.92,12.45,113809
2022-02-15,12.59,12.5,12.72,12.4,65635
2022-02-16,12.57,12.57,12.69,12.49,80340
2022-02-17,12.35,12.33,12.55,12.2,97717
2022-02-18,12.29,12.43,12.43,12.2,73417
2022-02-21,12.36,12.54,12.6,12.35,88030
2022-02-22,12.46,11.96,12.46,11.89,181366
2022-02-23,11.96,12.22,12.38,11.96,145241
2022-02-24,12.13,11.65,12.23,11.5,214314
2022-02-25,11.76,11.76,11.9,11.68,88913
2022-02-28,11.76,11.83,11.83,11.5,83243
2022-03-01,11.76,12.05,12.09,11.76,108183
2022-03-02,12.0,12.16,12.2,11.96,87689
2022-03-03,12.17,12.1,12.2,12.0,68059
2022-03-04,12.04,12.12,12.21,11.96,84446
2022-03-07,12.12,11.93,12.17,11.8,79587
2022-03-08,11.97,11.56,12.05,11.56,109075
2022-03-09,11.65,11.26,11.68,10.74,150924
2022-03-10,11.47,11.4,11.57,11.35,94006
2022-03-11,11.25,11.85,11.88,11.1,132243
2022-03-14,11.83,11.28,11.89,11.28,133870
2022-03-15,11.22,10.44,11.22,10.43,206451
2022-03-16,10.61,10.69,10.73,9.98,179760
2022-03-17,10.74,11.16,11.41,10.74,198610
2022-03-18,11.11,11.13,11.2,10.97,87585
2022-03-21,11.11,11.13,11.4,10.96,104089
2022-03-22,11.17,11.16,11.32,10.91,102886
2022-03-23,11.15,11.18,11.28,11.06,73849
2022-03-24,11.08,10.88,11.12,10.86,91555
2022-03-25,10.98,11.01,11.24,10.88,92645
2022-03-28,11.04,10.95,11.2,10.85,101630
2022-03-29,11.0,10.73,11.02,10.73,83166
2022-03-30,10.8,10.96,10.96,10.71,80269
2022-03-31,10.89,10.98,11.24,10.82,102501
2022-04-01,10.98,11.22,11.27,10.75,130517
2022-04-06,11.48,11.41,11.78,11.34,150675
2022-04-07,11.41,11.1,11.48,11.1,100437
2022-04-08,11.12,10.81,11.15,10.66,114069
2022-04-11,10.67,10.3,10.74,10.2,110282
2022-04-12,11.34,11.34,11.34,11.15,164482
2022-04-13,11.34,11.07,11.59,10.78,415551
2022-04-14,10.91,10.66,11.03,10.55,253180
2022-04-15,10.5,10.53,10.76,10.38,139478
2022-04-18,10.48,10.3,10.48,10.08,115121
2022-04-19,10.27,10.24,10.39,10.03,169671
2022-04-20,10.19,10.2,10.48,10.15,151736
2022-04-21,10.09,9.79,10.17,9.76,161460
2022-04-22,9.75,9.53,9.83,9.46,108632
2022-04-25,9.25,8.57,9.3,8.57,176921
2022-04-26,8.64,8.53,8.98,8.45,143307
2022-04-27,8.4,8.69,8.69,8.2,142973
2022-04-28,8.65,8.46,8.68,8.38,111584
2022-04-29,8.59,9.06,9.12,8.51,145542
2022-05-05,8.91,8.96,9.11,8.78,120207
2022-05-06,8.69,8.83,8.93,8.67,85541
2022-05-09,8.79,8.9,9.04,8.79,71610
2022-05-10,8.76,9.0,9.01,8.74,89147
2022-05-11,8.99,8.99,9.25,8.96,125913
2022-05-12,8.98,9.07,9.07,8.9,78740
2022-05-13,9.07,9.02,9.13,8.96,51412
2022-05-16,9.06,9.02,9.11,8.97,74612
2022-05-17,9.02,8.95,9.04,8.81,79475
2022-05-18,9.1,8.9,9.19,8.89,103256
2022-05-19,8.8,9.05,9.06,8.71,140759
2022-05-20,9.04,9.19,9.2,9.01,133710
2022-05-23,9.25,9.24,9.38,9.15,100339
2022-05-24,9.23,8.79,9.25,8.79,133756
2022-05-25,8.65,8.95,9.01,8.54,170610
2022-05-26,9.04,9.03,9.17,8.79,124896
2022-05-27,9.06,9.02,9.15,8.94,103535
2022-05-30,9.01,8.99,9.07,8.89,123881
2022-05-31,9.03,9.16,9.19,8.83,137379
2022-06-01,9.25,9.14,9.27,9.06,106875
2022-06-02,9.16,9.24,9.27,9.04,104439
2022-06-06,9.24,9.4,9.44,9.22,105673
2022-06-07,9.45,9.28,9.48,9.21,103412
2022-06-08,9.48,9.26,9.54,9.06,166109
2022-06-09,9.28,9.09,9.28,9.01,101175
2022-06-10,9.01,9.18,9.23,9.01,104833
2022-06-13,9.07,9.05,9.19,8.97,147614
2022-06-14,9.0,9.11,9.13,8.62,187964
2022-06-15,9.11,9.15,9.38,9.1,178616
2022-06-16,9.15,9.43,9.57,9.13,253365
2022-06-17,9.35,9.16,9.41,9.03,217195
2022-06-20,9.11,9.13,9.22,9.06,120248
2022-06-21,9.11,10.05,10.05,9.07,422188
2022-06-22,10.19,10.03,10.74,10.0,750467
2022-06-23,9.96,9.89,10.08,9.65,421161
2022-06-24,9.94,9.91,10.2,9.82,283882
2022-06-27,9.9,9.75,10.0,9.7,277361
2022-06-28,9.84,9.96,10.11,9.67,250934
2022-06-29,9.91,9.7,10.1,9.7,234549
2022-06-30,9.68,9.72,9.98,9.65,166328
2022-07-01,9.7,9.84,9.93,9.59,164963
2022-07-04,9.76,9.75,9.8,9.59,133924
2022-07-05,9.73,9.6,9.82,9.48,129815
2022-07-06,9.7,9.44,9.7,9.38,110571
2022-07-07,9.42,9.41,9.5,9.37,95369
2022-07-08,9.43,9.47,9.66,9.37,130265
2022-07-11,9.43,9.16,9.43,9.12,146150
2022-07-12,8.98,8.95,9.12,8.76,141278
2022-07-13,9.2,9.27,9.61,9.19,214790
2022-07-14,9.01,9.02,9.17,8.9,134664
2022-07-15,9.03,8.81,9.09,8.8,114327
2022-07-18,8.83,8.97,8.99,8.79,75382
2022-07-19,8.99,9.14,9.2,8.97,102800
2022-07-20,9.2,9.23,9.3,9.17,95791
2022-07-21,9.22,9.47,9.61,9.18,223825
2022-07-22,9.41,9.26,9.47,9.14,130220
2022-07-25,9.22,9.06,9.29,9.04,100881
2022-07-26,9.14,9.15,9.17,9.04,75251
2022-07-27,9.14,9.14,9.18,9.08,64151
2022-07-28,9.23,9.14,9.25,9.12,88902
2022-07-29,9.15,9.0,9.2,8.97,90100
2022-08-01,9.03,9.12,9.16,8.96,65435
2022-08-02,9.11,8.74,9.11,8.61,149017
2022-08-03,8.71,8.64,8.95,8.63,111520
2022-08-04,8.68,8.74,8.75,8.55,77352
2022-08-05,8.74,9.07,9.11,8.73,149279
2022-08-08,9.05,9.02,9.11,8.96,76813
2022-08-09,9.04,8.98,9.04,8.88,72800
2022-08-10,8.96,8.86,8.96,8.84,67212
2022-08-11,8.9,9.1,9.13,8.88,134634
2022-08-12,9.12,9.19,9.24,9.02,139008
2022-08-15,9.2,9.06,9.2,9.05,92328
2022-08-16,9.03,8.98,9.08,8.96,71187
2022-08-17,8.96,9.14,9.16,8.92,110638
2022-08-18,9.06,9.0,9.07,8.93,90799
2022-08-19,8.97,9.15,9.44,8.97,230344
2022-08-22,9.08,9.16,9.27,8.98,126207
2022-08-23,9.21,9.05,9.22,9.03,91178
2022-08-24,9.01,8.85,9.16,8.82,131979
2022-08-25,8.87,8.83,8.9,8.7,77423
2022-08-26,8.84,8.78,8.89,8.76,76449
2022-08-29,8.69,8.67,8.69,8.51,105590
2022-08-30,8.65,8.8,8.86,8.6,89028
2022-08-31,8.75,8.77,8.96,8.7,88994
2022-09-01,8.75,8.89,9.0,8.68,112962
2022-09-02,9.04,9.13,9.39,8.7,300395
2022-09-05,9.01,8.98,9.13,8.81,150946
2022-09-06,8.94,8.92,8.99,8.86,88684
2022-09-07,8.88,8.74,8.9,8.73,115012
2022-09-08,8.75,8.69,8.82,8.68,75192
2022-09-09,8.69,8.75,8.78,8.64,61742
2022-09-13,8.76,8.72,8.83,8.71,71145
2022-09-14,8.59,8.67,8.72,8.56,63276
2022-09-15,8.68,8.5,8.73,8.43,99363
2022-09-16,8.48,8.07,8.5,8.07,139236
2022-09-19,8.03,8.1,8.12,7.75,119437
2022-09-20,8.07,8.07,8.19,8.03,44700
2022-09-21,8.03,8.08,8.13,7.88,46803
2022-09-22,8.06,8.03,8.14,8.01,41084
2022-09-23,7.99,7.91,8.07,7.79,58765
2022-09-26,7.89,7.73,7.97,7.72,58116
2022-09-27,7.75,7.93,7.95,7.72,63925
2022-09-28,7.89,7.74,7.93,7.72,48393
2022-09-29,7.78,7.55,7.86,7.53,67948
2022-09-30,7.46,7.43,7.62,7.43,61981
2022-10-10,7.43,7.24,7.47,7.21,70014
2022-10-11,7.29,7.37,7.42,7.1,74793
2022-10-12,7.35,7.53,7.54,7.25,75397
2022-10-13,7.48,7.56,7.63,7.46,56923
2022-10-14,7.63,7.75,7.83,7.56,72480
2022-10-17,7.71,7.81,7.85,7.71,45362
2022-10-18,7.83,7.8,7.9,7.75,42814
2022-10-19,7.8,7.77,7.85,7.68,46824
2022-10-20,7.73,7.82,7.9,7.73,57522
2022-10-21,7.82,7.76,7.87,7.75,44192
2022-10-24,7.73,7.6,7.94,7.55,83690
2022-10-25,7.55,7.51,7.7,7.45,54039
2022-10-26,7.52,7.71,7.77,7.52,57345
2022-10-27,7.77,7.84,7.89,7.72,71872
2022-10-28,7.73,7.49,7.82,7.45,77167
2022-10-31,7.58,7.71,7.8,7.49,77549
2022-11-01,7.76,7.87,7.88,7.63,89316
2022-11-02,8.03,7.99,8.17,7.96,124198
2022-11-03,7.93,7.85,7.95,7.75,88673
2022-11-04,7.83,7.99,8.02,7.8,73316
2022-11-07,7.96,8.06,8.17,7.91,97802
2022-11-08,8.06,8.09,8.12,8.01,58918
2022-11-09,8.29,8.1,8.29,8.07,75392
2022-11-10,8.06,8.2,8.25,8.03,98976
2022-11-11,8.3,8.18,8.43,8.18,104587
2022-11-14,8.11,8.23,8.3,8.11,78027
2022-11-15,8.16,8.24,8.29,8.15,78307
2022-11-16,8.22,8.31,8.4,8.22,100516
2022-11-17,9.15,8.99,9.15,8.67,609388
2022-11-18,8.66,8.86,9.31,8.56,524725
2022-11-21,8.69,8.55,8.83,8.45,227720
2022-11-22,8.54,8.43,8.66,8.38,143152
2022-11-23,8.43,8.29,8.48,8.17,126957
2022-11-24,8.33,8.21,8.36,8.14,95144
2022-11-25,8.18,8.22,8.26,8.12,67373
2022-11-28,8.08,8.15,8.17,7.95,87890
2022-11-29,8.15,8.48,8.53,8.12,173942
2022-11-30,8.5,8.75,9.0,8.4,264074
2022-12-01,8.7,8.8,8.92,8.7,154023
2022-12-02,8.76,8.79,8.9,8.76,109333
2022-12-05,8.75,8.81,8.87,8.75,144479
2022-12-06,8.8,8.74,8.85,8.72,94195
2022-12-07,8.75,8.85,8.95,8.65,122510
2022-12-08,8.96,9.15,9.29,8.81,273804
2022-12-09,9.27,9.53,9.7,9.12,500149
2022-12-12,9.54,8.94,9.59,8.86,375112
2022-12-13,8.95,9.0,9.13,8.71,256037
2022-12-14,8.85,8.72,8.91,8.66,204411
2022-12-15,8.64,8.59,8.85,8.57,155874
2022-12-16,8.56,8.52,8.73,8.49,125380
2022-12-19,8.45,8.3,8.57,8.25,113672
2022-12-20,8.34,8.29,8.38,8.19,81463
2022-12-21,8.3,8.2,8.35,8.17,74258
2022-12-22,8.21,8.74,9.03,8.21,413572
2022-12-23,8.84,9.0,9.08,8.68,309423
2022-12-26,8.99,8.73,9.01,8.68,154010
2022-12-27,8.74,8.6,8.78,8.53,108490
2022-12-28,8.63,8.53,8.74,8.43,122025
2022-12-29,8.69,8.37,8.85,8.37,215015
2022-12-30,8.53,9.21,9.21,8.41,517566
2023-01-03,9.55,9.39,9.61,9.19,613569
2023-01-04,9.5,10.11,10.33,9.31,762642
2023-01-05,10.25,10.07,10.65,10.01,592042
2023-01-06,10.08,10.27,10.53,9.9,524750
2023-01-09,10.35,11.0,11.24,10.35,552605
2023-01-10,11.0,11.64,11.73,10.63,518606
2023-01-11,11.66,11.31,11.72,11.24,405159
2023-01-12,11.25,11.53,11.61,11.19,325456
2023-01-13,11.54,11.31,11.61,11.15,335309
2023-01-16,11.55,11.25,11.63,11.06,352295
2023-01-17,11.26,11.26,11.54,11.19,231605
2023-01-18,11.27,11.22,11.54,11.2,239517
2023-01-19,11.15,11.04,11.33,10.96,234141
2023-01-20,11.05,10.9,11.14,10.68,269532
2023-01-30,11.02,10.39,11.03,10.35,308509
2023-01-31,10.37,10.84,11.07,10.3,419131
2023-02-01,10.84,11.48,11.71,10.77,419963
2023-02-02,11.49,11.57,11.69,11.25,248998
2023-02-03,11.57,12.1,12.17,11.55,411079
2023-02-06,12.1,11.76,12.14,11.52,360046
2023-02-07,11.67,11.95,12.22,11.5,270987
2023-02-08,11.85,11.58,12.01,11.51,191208
2023-02-09,11.73,11.75,12.04,11.62,161473
2023-02-10,11.66,11.83,11.9,11.6,177247
2023-02-13,11.73,12.58,12.73,11.73,350913
2023-02-14,12.73,12.52,12.91,12.49,256608
2023-02-15,12.57,12.48,12.7,12.33,174191
2023-02-16,12.46,12.07,12.76,11.91,259223
2023-02-17,12.22,11.69,12.35,11.66,209069
2023-02-20,11.78,11.92,12.06,11.61,194185
2023-02-21,11.92,11.24,11.98,11.03,404084
2023-02-22,11.2,11.5,11.59,11.07,232618
2023-02-23,11.49,11.31,11.5,11.17,130952
2023-02-24,11.32,11.37,11.47,11.15,131966
2023-02-27,11.3,11.3,11.45,11.2,99770
2023-02-28,11.39,11.28,11.41,11.11,97387
2023-03-01,11.24,11.65,11.8,11.21,237710
2023-03-02,11.75,12.17,12.29,11.62,349064
2023-03-03,11.95,11.65,12.34,11.45,449316
2023-03-06,11.65,11.75,12.53,11.55,461103
2023-03-07,11.76,11.26,11.84,11.26,231733
2023-03-08,11.27,11.34,11.5,11.13,196745
2023-03-09,11.32,11.09,11.35,10.97,151360
2023-03-10,11.09,10.94,11.23,10.93,143161
2023-03-13,10.9,11.08,11.14,10.63,261248
2023-03-14,11.12,11.05,11.31,10.9,169344
2023-03-15,11.16,10.89,11.18,10.88,99756
2023-03-16,10.91,10.88,11.11,10.7,127786
2023-03-17,10.95,11.35,11.48,10.93,283926
2023-03-20,11.87,12.06,12.49,11.85,740161
2023-03-21,11.95,12.53,12.73,11.93,565610
2023-03-22,12.55,12.85,12.95,12.43,485400
2023-03-23,12.87,12.86,13.12,12.66,366154
2023-03-24,12.94,13.14,13.55,12.87,507906
2023-03-27,13.14,12.45,13.29,12.28,534241
2023-03-28,12.6,12.39,12.7,12.34,330573
2023-03-29,12.37,12.29,12.65,12.15,252536
2023-03-30,12.41,12.09,12.51,12.05,200691
2023-03-31,12.15,13.0,13.03,11.97,348965
2023-04-03,13.0,13.78,13.93,12.95,641621
2023-04-04,13.7,13.53,14.21,13.38,510251
2023-04-06,13.46,12.91,13.55,12.78,289857
2023-04-07,13.07,13.3,13.5,12.83,284407
2023-04-10,13.27,13.63,14.33,13.27,560961
2023-04-11,13.49,14.05,14.72,13.34,642010
2023-04-12,14.16,15.46,15.46,14.16,733279
2023-04-13,15.74,15.85,16.82,15.63,1222188
2023-04-14,15.95,16.41,16.65,14.96,969221
2023-04-17,16.2,15.54,16.41,15.35,585587
2023-04-18,15.55,15.3,15.63,14.97,506058
2023-04-19,15.35,15.68,16.17,15.14,524911
2023-04-20,15.6,16.63,16.85,15.43,678803
2023-04-21,16.83,17.6,18.3,16.83,1218110
2023-04-24,17.54,19.37,19.37,17.14,1293990
2023-04-25,19.37,19.65,20.4,18.71,1227864
2023-04-26,19.65,20.55,21.62,18.55,1279395
2023-04-27,20.96,20.63,21.61,19.63,1221878
2023-04-28,19.96,21.88,22.7,19.63,1335401
2023-05-04,23.41,24.07,24.07,22.33,1089585
2023-05-05,24.45,24.96,26.48,23.17,1133340
2023-05-08,23.96,23.2,26.23,22.93,1362949
2023-05-09,23.81,21.5,24.1,21.3,1266759
2023-05-10,21.11,20.81,21.9,19.92,974127
2023-05-11,20.85,21.34,22.43,20.82,770726
2023-05-12,21.6,20.71,21.88,20.34,519991
2023-05-15,20.74,19.84,20.92,18.94,863497
2023-05-16,20.27,18.31,20.55,18.15,941218
2023-05-17,18.31,18.32,18.91,17.58,753297
2023-05-18,18.22,19.9,20.16,17.98,1011116
2023-05-19,19.56,19.34,20.16,18.95,725753
2023-05-22,18.97,18.1,19.47,17.55,658252
2023-05-23,18.27,17.6,18.63,17.51,615210
2023-05-24,17.57,17.92,18.35,17.23,591714
2023-05-25,17.75,17.93,18.31,17.07,570886
2023-05-26,17.81,19.12,19.44,17.61,650802
2023-05-29,19.46,17.37,19.96,17.26,1973383
2023-05-30,16.96,18.69,18.7,16.8,1312056
2023-05-31,18.83,18.46,19.17,18.18,818930
2023-06-01,18.48,19.16,19.93,17.77,977350
2023-06-02,19.55,21.08,21.08,19.01,867123
2023-06-05,20.85,20.98,21.05,19.14,1327277
2023-06-06,20.41,20.49,21.6,19.95,944885
2023-06-07,20.04,19.82,20.55,19.55,724794
2023-06-08,19.73,18.49,19.75,18.28,719158
2023-06-09,18.49,19.27,19.36,17.98,712261
2023-06-12,19.25,19.96,20.44,19.13,706375
2023-06-13,20.28,21.47,21.96,20.26,1579036
2023-06-14,21.37,21.54,22.43,20.95,1244835
2023-06-15,22.12,21.03,22.74,20.89,840713
2023-06-16,21.05,21.93,22.03,20.5,777852
2023-06-19,22.25,21.87,22.34,21.45,674340
2023-06-20,21.75,21.92,22.9,21.59,727491
2023-06-21,21.48,19.92,21.92,19.75,649713
2023-06-26,19.55,18.32,20.08,18.2,550954
2023-06-27,18.48,18.12,18.61,17.79,446232
2023-06-28,17.95,17.29,18.15,16.6,765335
2023-06-29,17.14,17.36,17.66,17.05,402242
2023-06-30,17.25,16.75,17.39,16.38,565996
2023-07-03,16.65,15.66,16.71,15.43,747702
2023-07-04,15.67,15.47,15.81,15.25,522218
2023-07-05,15.47,15.03,15.5,14.95,413132
2023-07-06,15.05,14.86,15.42,14.8,522640
2023-07-07,14.77,14.58,14.86,14.09,538460
2023-07-10,14.67,14.39,14.7,14.22,310905
2023-07-11,14.43,14.06,14.47,13.93,613094
2023-07-12,14.0,13.37,14.13,13.26,829089
2023-07-13,13.45,13.67,13.85,13.2,604764
2023-07-14,13.77,13.76,14.09,13.65,632575
2023-07-17,13.55,13.82,14.16,13.45,529995
2023-07-18,13.82,13.8,14.6,13.6,832567
2023-07-19,13.71,13.84,14.07,13.71,434615
2023-07-20,13.91,13.5,13.95,13.46,375348
2023-07-21,13.5,13.6,13.96,13.41,341967
2023-07-24,13.55,13.63,13.79,13.5,281041
2023-07-25,14.11,13.71,14.3,13.42,579291
2023-07-26,13.65,13.26,13.65,13.17,476226
2023-07-27,13.17,13.04,13.37,12.97,345630
2023-07-28,13.05,12.97,13.07,12.78,422664
2023-07-31,12.93,13.33,13.47,12.7,466839
2023-08-01,13.22,13.44,13.46,13.1,329439
2023-08-02,13.45,13.27,13.45,13.19,331425
2023-08-03,13.15,13.1,13.37,13.04,263230
2023-08-04,13.13,13.57,13.67,13.11,512157
2023-08-07,13.6,13.68,13.98,13.55,565596
2023-08-08,13.64,13.72,13.93,13.5,349982
2023-08-09,13.6,13.27,13.67,13.22,281572
2023-08-10,13.23,13.23,13.54,13.18,206754
2023-08-11,13.45,12.91,13.69,12.9,452603
2023-08-14,12.78,13.47,13.53,12.7,458741
2023-08-15,13.46,13.0,13.52,12.84,312575
2023-08-16,13.0,12.76,13.03,12.61,265578
2023-08-17,12.72,12.91,13.0,12.61,211863
2023-08-18,12.86,12.42,12.91,12.42,251330
2023-08-21,12.45,12.46,12.88,12.33,282018
2023-08-22,12.55,12.99,13.05,12.41,417190
2023-08-23,12.9,12.51,12.9,12.4,344814
2023-08-24,12.64,12.64,13.01,12.57,378540
2023-08-25,12.54,12.12,12.55,12.04,332715
2023-08-28,12.86,12.42,13.0,12.38,494285
2023-08-29,12.47,12.93,12.99,12.37,397871
2023-08-30,12.9,13.23,13.43,12.83,419187
2023-08-31,13.33,12.93,13.38,12.76,323268
2023-09-01,12.86,12.73,12.92,12.69,208202
2023-09-04,12.79,12.8,12.92,12.59,232662
2023-09-05,12.74,12.62,13.05,12.58,294396
2023-09-06,12.56,12.39,12.59,12.33,238710
2023-09-07,12.51,12.05,12.68,11.96,414940
2023-09-08,11.95,11.73,12.09,11.68,301956
2023-09-11,11.75,12.13,12.26,11.75,324124
2023-09-12,12.05,12.02,12.14,11.99,147863
2023-09-13,11.96,11.7,12.05,11.63,192864
2023-09-14,11.69,11.57,11.71,11.49,139159
2023-09-15,11.57,11.45,11.64,11.38,159051
2023-09-18,11.38,11.32,11.54,11.3,152908
2023-09-19,11.32,11.12,11.33,11.06,175098
2023-09-20,11.14,11.11,11.29,11.07,171791
2023-09-21,11.06,11.05,11.25,11.01,154267
2023-09-22,11.01,11.48,11.52,11.0,275636
2023-09-25,11.48,11.39,11.6,11.34,169280
2023-09-26,11.39,11.47,11.72,11.38,211527
2023-09-27,11.41,11.59,11.69,11.4,179972
2023-09-28,11.57,11.69,11.84,11.57,301357
2023-10-09,11.69,11.39,11.69,11.21,203896
2023-10-10,11.43,11.48,11.63,11.39,166254
2023-10-11,11.51,11.59,11.8,11.34,189757
2023-10-12,11.7,11.48,11.73,11.41,146181
2023-10-13,11.48,11.27,11.51,11.25,127349
2023-10-16,11.17,11.06,11.32,10.97,159926
2023-10-17,11.06,11.1,11.19,10.97,126007
2023-10-18,11.05,10.86,11.09,10.75,150460
2023-10-19,10.77,10.77,11.0,10.77,127755
2023-10-20,10.74,10.51,10.87,10.49,153997
2023-10-23,10.52,10.13,10.54,10.08,140205
2023-10-24,10.25,10.48,10.59,10.17,201602
2023-10-25,10.49,10.59,10.77,10.43,172075
2023-10-26,10.54,10.58,10.6,10.38,133501
2023-10-27,10.55,10.72,10.84,10.42,172070
2023-10-30,10.65,10.85,10.89,10.58,155521
2023-10-31,11.01,11.0,11.25,10.8,279251
2023-11-01,11.0,11.08,11.65,10.97,348382
2023-11-02,11.09,11.17,11.57,11.05,390269
2023-11-03,11.15,11.28,11.39,10.99,272223
2023-11-06,11.37,11.86,11.91,11.37,349352
2023-11-07,11.88,11.97,12.02,11.76,276955
2023-11-08,11.95,12.25,12.4,11.85,387101
2023-11-09,12.17,12.13,12.35,12.06,269823
2023-11-10,12.05,11.88,12.19,11.83,215641
2023-11-13,12.0,12.15,12.2,11.92,242607
2023-11-14,12.05,12.09,12.15,11.97,145737
2023-11-15,12.18,12.01,12.24,11.98,185479
2023-11-16,11.92,11.95,12.08,11.88,135550
2023-11-17,11.94,12.01,12.15,11.93,147722
2023-11-20,12.08,12.24,12.25,11.91,244599
2023-11-21,12.28,12.34,12.6,12.23,351416
2023-11-22,12.26,12.24,12.48,12.23,207071
2023-11-23,12.24,12.2,12.24,11.96,174393
2023-11-24,12.16,11.9,12.36,11.83,212367
2023-11-27,11.87,11.73,11.93,11.65,183331
2023-11-28,11.73,11.7,11.83,11.55,144082
2023-11-29,11.75,11.55,11.79,11.53,122849
2023-11-30,11.58,11.44,11.69,11.34,124117
2023-12-01,11.55,12.59,12.59,11.51,899161
2023-12-04,12.95,13.3,13.64,12.95,1468337
2023-12-05,13.3,12.84,13.33,12.8,849715
2023-12-06,12.77,13.1,13.33,12.25,1023810
2023-12-07,13.11,13.1,13.42,12.95,807718
2023-12-08,12.95,12.96,13.43,12.86,626888
2023-12-11,13.05,13.35,13.48,12.81,765096
2023-12-12,13.44,13.37,13.95,13.29,1187854
2023-12-13,13.2,13.17,13.55,13.15,622635
2023-12-14,13.23,13.05,13.4,12.92,391870
2023-12-15,13.01,13.14,13.34,12.77,394809
2023-12-18,13.18,12.71,13.18,12.61,332397
2023-12-19,12.71,13.15,13.17,12.64,417138
2023-12-20,13.25,12.95,13.61,12.91,600422
2023-12-21,13.06,13.76,14.24,13.06,1177996
2023-12-22,13.76,12.38,13.95,12.38,592771
2023-12-25,11.95,11.62,12.25,11.14,1109982
2023-12-26,11.45,11.1,11.79,11.08,617811
2023-12-27,11.16,11.03,11.6,10.9,529386
2023-12-28,10.91,11.05,11.23,10.61,438456
2023-12-29,10.95,11.41,11.54,10.93,471384
2024-01-02,11.73,12.56,12.56,11.73,601506
2024-01-03,12.35,12.34,12.74,12.1,860147
2024-01-04,12.32,12.24,12.34,11.83,424689
2024-01-05,12.26,11.78,12.27,11.64,369363
2024-01-08,11.8,11.5,11.91,11.45,296509
2024-01-09,11.6,11.31,11.75,11.06,328376
2024-01-10,11.28,10.85,11.28,10.8,311838
2024-01-11,10.84,11.94,11.94,10.81,496203
2024-01-12,11.88,11.85,12.25,11.76,569917
2024-01-15,11.79,11.56,11.9,11.49,301416
2024-01-16,11.48,11.51,11.6,11.24,243965
2024-01-17,11.51,11.19,11.7,11.15,247613
2024-01-18,11.06,11.33,11.34,10.94,356381
2024-01-19,11.79,12.47,12.47,11.79,1348097
2024-01-22,12.4,11.22,12.47,11.22,1061406
2024-01-23,10.63,11.75,11.8,10.28,991493
2024-01-24,11.88,11.55,11.94,11.08,562022
2024-01-25,11.54,12.1,12.18,11.37,738313
2024-01-26,12.35,12.1,12.71,11.96,863703
2024-01-29,11.91,11.03,12.05,10.89,824511
2024-01-30,10.87,10.36,11.04,10.33,577970
2024-01-31,10.45,9.63,10.66,9.61,587316
2024-02-01,9.61,9.75,10.12,9.26,548715
2024-02-02,9.79,9.43,10.22,9.07,542043
2024-02-05,9.32,8.48,9.35,8.48,515384
2024-02-06,8.05,8.7,8.95,7.73,541861
2024-02-07,8.65,8.93,9.08,8.53,490376
2024-02-08,9.03,9.4,9.46,8.95,420261
2024-02-19,9.62,9.75,9.9,9.37,499568
2024-02-20,9.65,9.7,9.87,9.34,416525
2024-02-21,9.56,9.85,10.16,9.47,530660
2024-02-22,9.86,9.92,10.09,9.73,401599
2024-02-23,9.85,10.3,10.45,9.76,614135
2024-02-26,10.16,10.16,10.32,9.85,463796
2024-02-27,10.18,10.7,10.72,10.05,479513
2024-02-28,10.85,10.07,11.15,10.03,683167
2024-02-29,9.97,10.45,10.5,9.94,373865
2024-03-01,10.39,10.63,10.71,10.31,396347
2024-03-04,10.55,10.59,10.65,10.24,292689
2024-03-05,10.44,10.44,10.75,10.4,322722
2024-03-06,10.32,10.4,10.52,10.2,273860
2024-03-07,10.59,10.06,10.84,10.06,350486
2024-03-08,10.08,10.16,10.19,9.93,268168
2024-03-11,10.12,10.76,10.76,9.98,480507
2024-03-12,10.99,11.1,11.25,10.85,709660
2024-03-13,10.95,11.35,11.65,10.95,689185
2024-03-14,11.15,11.28,11.6,11.03,531128
2024-03-15,11.23,11.19,11.3,10.93,336937
2024-03-18,11.25,11.59,11.9,11.05,562970
2024-03-19,11.4,11.38,11.66,11.35,389615
2024-03-20,11.41,11.64,11.66,11.38,425136
2024-03-21,11.77,11.57,11.91,11.55,444191
2024-03-22,11.53,11.52,11.73,11.28,431304
2024-03-25,11.38,10.85,11.5,10.78,385274
2024-03-26,10.72,10.53,10.9,10.39,314434
2024-03-27,10.53,9.77,10.54,9.76,358863
2024-03-28,9.87,10.17,10.26,9.79,286251
2024-03-29,10.17,9.97,10.17,9.81,240342
2024-04-01,10.02,10.54,10.54,10.02,332813
2024-04-02,10.54,10.22,10.55,10.12,267774
2024-04-03,10.18,9.92,10.18,9.9,261647
2024-04-08,9.92,9.76,10.04,9.76,202499
2024-04-09,9.78,9.9,9.99,9.71,162322
2024-04-10,9.75,9.54,9.83,9.44,227506
2024-04-11,9.54,9.56,9.77,9.42,189917
2024-04-12,9.61,9.37,9.66,9.36,171569
2024-04-15,9.35,8.99,9.4,8.85,280995
2024-04-16,9.0,8.45,9.08,8.43,275784
2024-04-17,8.54,8.97,8.98,8.54,274281
2024-04-18,8.95,8.91,9.14,8.75,199745
2024-04-19,8.85,8.67,8.88,8.61,170276
2024-04-22,8.57,8.64,8.8,8.42,158794
2024-04-23,8.65,8.88,8.92,8.65,198268
2024-04-24,8.88,9.11,9.12,8.81,172821
2024-04-25,9.05,9.15,9.28,9.0,170007
2024-04-26,9.17,9.39,9.42,9.11,188962
2024-04-29,9.4,9.75,9.95,9.4,269136
2024-04-30,9.85,9.64,9.88,9.47,191197
2024-05-06,9.85,9.81,10.05,9.77,199614
2024-05-07,9.73,9.8,9.91,9.7,173265
2024-05-08,9.8,9.52,9.83,9.51,160904
2024-05-09,9.59,9.67,9.82,9.53,144199
2024-05-10,9.68,9.52,9.76,9.41,154128
2024-05-13,9.44,9.28,9.49,9.17,145384
2024-05-14,9.45,9.48,9.61,9.33,234360
2024-05-15,9.46,9.33,9.64,9.31,172005
2024-05-16,9.21,9.2,9.38,9.16,152812
2024-05-17,9.2,9.23,9.26,9.04,134663
2024-05-20,9.14,9.24,9.37,9.1,128265
2024-05-21,9.31,9.15,9.4,9.1,156881
2024-05-22,9.11,9.2,9.22,9.02,94518
2024-05-23,9.15,8.96,9.2,8.94,135569
2024-05-24,8.89,8.83,9.05,8.81,110596
2024-05-27,8.83,8.88,8.9,8.65,118701
2024-05-28,8.88,8.67,8.89,8.65,96732
2024-05-29,8.67,8.71,8.81,8.62,85715
2024-05-30,8.63,8.63,8.73,8.55,79115
2024-05-31,8.63,8.83,8.88,8.63,116294
2024-06-03,8.79,8.62,8.81,8.55,118797
2024-06-04,8.61,8.56,8.64,8.47,102780
2024-06-05,8.57,8.41,8.59,8.4,94680
2024-06-06,8.44,8.1,8.5,8.0,195734
2024-06-07,8.13,8.17,8.27,8.04,120232
2024-06-11,8.15,8.3,8.32,8.03,119474
2024-06-12,8.3,8.49,8.57,8.25,129000
2024-06-13,8.49,8.49,8.55,8.42,85279
2024-06-14,8.5,8.54,8.58,8.41,75010
2024-06-17,8.56,8.43,8.6,8.39,81627
2024-06-18,8.41,8.45,8.53,8.39,72048
2024-06-19,8.47,8.26,8.5,8.25,89124
2024-06-20,8.26,7.8,8.27,7.76,252636
2024-06-21,7.82,7.8,7.97,7.71,119305
2024-06-24,7.75,7.42,7.79,7.37,200474
2024-06-25,7.43,7.34,7.52,7.27,133682
2024-06-26,7.36,7.76,7.79,7.27,198373
2024-06-27,7.7,7.64,7.77,7.63,117954
2024-06-28,7.63,7.54,7.79,7.51,124227
2024-07-01,7.53,7.6,7.65,7.4,91880
2024-07-02,7.6,7.74,7.86,7.6,116630
2024-07-03,7.74,7.72,7.82,7.63,80658
2024-07-04,7.73,7.48,7.78,7.45,87282
2024-07-05,7.42,7.51,7.57,7.35,76902
2024-07-08,7.52,7.28,7.53,7.24,97229
2024-07-09,7.25,7.31,7.37,7.07,108195
2024-07-10,7.32,7.25,7.44,7.17,82986
2024-07-11,7.39,7.42,7.45,7.3,101698
2024-07-12,7.43,7.35,7.51,7.31,87733
2024-07-15,7.39,7.31,7.43,7.28,89386
2024-07-16,7.28,7.36,7.39,7.2,91401
2024-07-17,7.35,7.36,7.52,7.3,131826
2024-07-18,7.26,7.32,7.35,7.1,160294
2024-07-19,7.27,7.33,7.4,7.23,99302
2024-07-22,7.3,7.47,7.5,7.21,149355
2024-07-23,7.49,7.22,7.52,7.21,126540
2024-07-24,7.19,7.02,7.28,7.0,138070
2024-07-25,6.97,7.15,7.23,6.94,112518
2024-07-26,7.17,7.24,7.35,7.12,87294
2024-07-29,7.29,7.29,7.36,7.16,95104
2024-07-30,7.28,7.32,7.34,7.21,76990
2024-07-31,7.3,7.62,7.65,7.29,159187
2024-08-01,7.65,7.63,7.72,7.55,121765
2024-08-02,7.58,7.52,7.71,7.5,91976
2024-08-05,7.52,7.41,7.78,7.4,175459
2024-08-06,7.5,7.63,7.66,7.46,154282
2024-08-07,7.57,7.66,7.74,7.53,144974
2024-08-08,7.64,7.6,7.65,7.43,114038
2024-08-09,7.58,7.43,7.65,7.41,94346
2024-08-12,7.4,7.3,7.43,7.24,103240
2024-08-13,7.3,7.3,7.36,7.19,83942
2024-08-14,7.34,7.41,7.51,7.27,174678
2024-08-15,7.41,7.61,7.72,7.35,205636
2024-08-16,7.64,7.47,7.66,7.46,135663
2024-08-19,7.47,7.53,7.61,7.45,159669
2024-08-20,7.53,7.45,7.64,7.4,190983
2024-08-21,7.6,7.34,7.66,7.34,255505
2024-08-22,7.28,7.08,7.45,7.06,206249
2024-08-23,7.08,7.03,7.13,6.97,101461
2024-08-26,7.07,7.09,7.17,6.95,97602
2024-08-27,7.08,7.03,7.23,7.02,129321
2024-08-28,7.05,7.08,7.1,6.85,125779
2024-08-29,7.03,7.23,7.28,7.01,154544
2024-08-30,7.21,7.51,7.62,7.18,215300
2024-09-02,7.52,7.35,7.58,7.3,148689
2024-09-03,7.33,7.38,7.48,7.3,90139
2024-09-04,7.34,7.28,7.39,7.26,82794
2024-09-05,7.31,7.53,7.54,7.26,159651
2024-09-06,7.51,7.39,7.54,7.37,95453
2024-09-09,7.35,7.33,7.46,7.25,93271
2024-09-10,7.33,7.43,7.48,7.2,105663
2024-09-11,7.41,7.38,7.42,7.32,67260
2024-09-12,7.37,7.33,7.52,7.33,81323
2024-09-13,7.34,7.21,7.38,7.2,83338
2024-09-18,7.2,7.09,7.22,7.03,67470
2024-09-19,7.14,7.41,7.42,7.08,144288
2024-09-20,7.44,7.37,7.44,7.3,80683
2024-09-23,7.37,7.39,7.45,7.33,83570
2024-09-24,7.42,7.62,7.62,7.34,173629
2024-09-25,7.66,7.72,7.94,7.66,189127
2024-09-26,7.7,7.99,7.99,7.65,180980
2024-09-27,8.12,8.44,8.57,8.05,296409
2024-09-30,8.65,9.27,9.28,8.63,435811
2024-10-08,10.2,9.94,10.2,9.34,539986
2024-10-09,9.65,8.95,9.65,8.95,427313
2024-10-10,8.99,8.7,9.19,8.55,308826
2024-10-11,8.63,8.24,8.67,8.14,273448
2024-10-14,8.29,8.54,8.54,8.1,227925
2024-10-15,8.49,8.89,9.33,8.31,592158
2024-10-16,8.64,8.95,9.23,8.52,548793
2024-10-17,8.92,9.0,9.25,8.88,484467
2024-10-18,8.91,9.38,9.58,8.75,556707
2024-10-21,9.7,9.88,10.13,9.5,671784
2024-10-22,9.8,9.73,10.05,9.54,594075
2024-10-23,9.73,9.64,9.9,9.58,313465
2024-10-24,9.58,9.47,9.6,9.4,239673
2024-10-25,9.57,9.83,9.9,9.5,294039
2024-10-28,9.79,9.95,10.06,9.73,283607
2024-10-29,10.0,10.03,10.34,9.85,475284
2024-10-30,9.88,9.9,10.16,9.78,294965
2024-10-31,9.81,9.92,10.11,9.75,273609
2024-11-01,9.92,9.36,9.95,9.34,324777
2024-11-04,9.38,9.5,9.58,9.28,203200
2024-11-05,9.51,9.84,9.85,9.5,261323
2024-11-06,9.79,10.82,10.82,9.73,1239820
2024-11-07,10.62,10.52,10.75,10.35,834050
2024-11-08,10.61,10.52,10.73,10.38,540610
2024-11-11,10.51,10.75,10.78,10.38,615771
2024-11-12,10.88,10.42,10.88,10.31,491714
2024-11-13,10.33,10.44,10.61,10.22,337555
2024-11-14,10.37,10.1,10.76,10.08,323062
2024-11-15,10.07,9.94,10.59,9.8,407213
2024-11-18,9.98,9.14,10.02,9.06,422131
2024-11-19,9.15,9.35,9.37,9.05,248686
2024-11-20,9.31,9.64,9.78,9.31,287620
2024-11-21,9.62,9.6,9.84,9.5,310937
2024-11-22,9.51,9.3,9.94,9.27,369458
2024-11-25,9.36,9.32,9.52,9.07,284748
2024-11-26,9.29,9.19,9.69,9.17,278874
2024-11-27,9.14,9.69,9.72,8.94,401691
2024-11-28,9.77,9.77,10.21,9.67,492172
2024-11-29,9.77,9.76,9.98,9.5,380719
2024-12-02,9.78,10.08,10.22,9.77,368395
2024-12-03,10.08,9.91,10.09,9.8,265905
2024-12-04,9.85,9.59,9.95,9.54,237626
2024-12-05,9.6,9.9,9.91,9.51,249552
2024-12-06,9.89,10.16,10.25,9.85,393491
2024-12-09,10.18,10.08,10.26,9.97,238556
2024-12-10,10.33,10.13,10.46,10.09,317129
2024-12-11,10.16,10.36,10.42,10.06,320945
2024-12-12,10.6,10.96,11.4,10.56,1455347
2024-12-13,10.95,11.1,11.45,10.77,1257671
2024-12-16,11.02,10.49,11.12,10.45,709477
2024-12-17,10.64,10.05,10.65,10.0,482652
2024-12-18,10.24,10.17,10.34,9.93,342299
2024-12-19,10.02,10.19,10.21,9.79,345640
2024-12-20,10.1,10.32,10.65,10.06,392588
2024-12-23,10.32,9.75,10.32,9.73,357038
2024-12-24,9.78,9.74,9.84,9.58,207107
2024-12-25,9.8,9.82,9.97,9.31,293273
2024-12-26,9.85,9.86,9.98,9.73,202624
2024-12-27,9.84,9.85,10.03,9.74,197665
2024-12-30,9.8,9.8,9.98,9.59,182411
2024-12-31,9.81,9.35,9.88,9.35,217532
2025-01-02,9.36,9.14,9.44,9.0,208102
2025-01-03,9.37,8.78,9.42,8.75,227587
2025-01-06,9.03,9.03,9.66,8.68,550407
2025-01-07,8.99,8.91,9.09,8.73,299494
2025-01-08,8.83,8.83,8.95,8.53,249813
2025-01-09,8.96,8.82,9.01,8.76,211584
2025-01-10,8.7,8.43,8.87,8.43,194956
2025-01-13,8.29,8.51,8.57,8.15,138824
2025-01-14,8.58,8.82,8.82,8.5,301390
2025-01-15,9.05,8.92,9.08,8.79,333838
2025-01-16,8.99,8.75,9.18,8.75,294671
2025-01-17,8.72,8.8,8.92,8.65,177134
2025-01-20,8.88,8.7,8.94,8.67,242645
2025-01-21,8.67,8.78,8.85,8.5,262973
2025-01-22,8.68,8.54,8.75,8.51,176085
2025-01-23,8.65,8.63,8.92,8.62,229946
2025-01-24,8.68,8.88,8.89,8.55,199482
2025-01-27,8.97,8.78,9.04,8.75,162257
2025-02-05,8.9,9.16,9.39,8.85,355379
2025-02-06,9.16,9.46,9.53,9.03,278848
2025-02-07,9.45,9.57,9.73,9.42,340263
2025-02-10,9.57,10.12,10.18,9.57,471881
2025-02-11,10.12,10.09,10.22,9.89,286223
2025-02-12,10.02,10.15,10.27,10.0,244784
2025-02-13,10.16,10.03,10.22,9.89,275953
2025-02-14,9.98,10.35,10.39,9.83,426434
2025-02-17,10.49,10.32,10.7,10.2,430604
2025-02-18,10.45,9.88,10.6,9.87,424326
2025-02-19,9.99,9.97,10.11,9.85,276584
2025-02-20,9.93,9.88,9.99,9.75,331878
2025-02-21,9.89,10.38,10.48,9.73,542243
2025-02-24,10.27,10.28,10.38,10.07,309544
2025-02-25,10.1,10.09,10.24,9.93,226660
2025-02-26,10.15,10.04,10.25,9.97,194562
2025-02-27,10.08,10.02,10.24,9.83,273566
2025-02-28,9.95,9.52,10.08,9.46,295663
2025-03-03,9.6,9.74,10.02,9.43,273356
2025-03-04,9.71,10.05,10.27,9.62,301714
2025-03-05,10.01,10.22,10.23,9.9,249279
2025-03-06,10.24,10.57,10.73,10.12,375248
2025-03-07,10.53,10.25,10.65,10.18,319300
2025-03-10,10.25,10.18,10.5,10.11,236126
2025-03-11,10.06,10.13,10.24,9.98,189418
2025-03-12,10.18,10.22,10.39,10.09,235744
2025-03-13,10.17,10.09,10.22,9.91,221871
2025-03-14,10.03,10.43,10.58,9.98,376854
2025-03-17,10.64,10.33,10.69,10.3,224334
2025-03-18,10.31,10.23,10.42,10.16,173587
2025-03-19,10.19,9.98,10.25,9.93,247525
2025-03-20,10.03,9.95,10.05,9.86,164450
2025-03-21,10.08,9.74,10.09,9.71,197566
2025-03-24,9.75,9.78,9.9,9.62,199564
2025-03-25,9.76,9.58,9.83,9.44,193474
2025-03-26,9.63,9.46,9.65,9.44,172893
2025-03-27,9.46,9.48,9.55,9.32,153315
2025-03-28,9.44,9.51,9.64,9.44,131641
2025-03-31,9.4,9.27,9.45,9.16,173866
2025-04-01,9.32,9.31,9.47,9.29,92582
2025-04-02,9.3,9.45,9.5,9.29,97339
2025-04-03,9.36,9.44,9.56,9.31,101187
2025-04-07,8.93,8.5,8.95,8.5,208750
2025-04-08,8.3,8.16,8.6,7.95,318789
2025-04-09,7.99,8.22,8.27,7.65,224412
2025-04-10,8.32,8.44,8.61,8.3,164321
2025-04-11,8.36,8.51,8.6,8.31,125433
2025-04-14,8.62,8.76,8.8,8.6,144220
2025-04-15,8.76,8.97,9.08,8.67,206689
2025-04-16,8.92,8.74,8.99,8.7,127779
2025-04-17,8.69,8.85,8.98,8.65,106551
2025-04-18,8.85,9.13,9.19,8.78,140424
2025-04-21,9.1,9.13,9.18,8.95,111181
2025-04-22,9.27,9.15,9.29,9.1,116147
2025-04-23,9.15,9.3,9.37,9.15,129414
2025-04-24,9.35,9.02,9.35,8.99,112935
2025-04-25,9.07,8.98,9.18,8.94,128697
2025-04-28,9.18,9.27,9.59,9.15,256544
2025-04-29,9.27,9.36,9.49,9.19,122387
2025-04-30,9.36,9.42,9.54,9.36,132055
2025-05-06,9.49,9.54,9.63,9.47,180269
2025-05-07,9.36,9.35,9.47,9.26,198778
2025-05-08,9.29,9.53,9.55,9.29,160601
2025-05-09,9.53,9.33,9.55,9.31,101688
2025-05-12,9.39,9.34,9.47,9.27,112341
2025-05-13,9.38,9.38,9.58,9.33,132583
2025-05-14,9.36,9.92,10.05,9.32,413594
2025-05-15,10.01,9.94,10.25,9.76,293428
2025-05-16,9.83,10.1,10.16,9.83,254568
2025-05-19,10.26,10.19,10.52,10.05,259377
2025-05-20,10.21,10.5,10.64,10.08,349641
2025-05-21,10.46,11.11,11.34,10.46,573867
2025-05-22,11.09,11.72,11.87,10.9,740146
2025-05-23,11.9,11.74,12.03,11.55,735559
2025-05-26,11.8,12.91,12.91,11.77,634756
2025-05-27,12.79,13.0,13.3,12.62,1032325
2025-05-28,12.87,13.62,14.15,12.85,1089130
2025-05-29,13.51,13.82,13.9,13.51,820661
2025-05-30,13.82,13.6,13.95,13.51,648864
2025-06-03,13.62,12.97,13.85,12.74,1223216
2025-06-04,12.98,13.55,13.7,12.84,708502
2025-06-05,13.63,13.58,14.23,12.97,1066928
2025-06-06,13.5,13.84,13.95,13.42,542023
2025-06-09,13.86,13.84,14.0,13.5,388194
2025-06-10,13.88,13.59,13.9,13.33,439164
2025-06-11,13.59,13.59,13.74,13.34,403473
2025-06-12,13.5,13.41,13.72,13.35,385792
2025-06-13,13.28,13.15,13.35,12.99,448477
2025-06-16,13.21,13.21,13.68,13.13,575138
2025-06-17,13.21,12.83,13.28,12.76,427155
2025-06-18,12.83,12.53,12.86,12.32,427487
2025-06-19,12.58,12.37,12.79,12.24,344184
2025-06-20,12.43,11.9,12.5,11.78,405587
2025-06-23,11.86,11.98,12.1,11.67,294603
2025-06-24,12.16,12.15,12.33,12.06,334273
2025-06-25,12.15,12.12,12.4,12.0,300757
2025-06-26,12.1,11.83,12.1,11.65,320333
2025-06-27,11.83,11.85,11.94,11.67,233275
2025-06-30,11.98,12.13,12.39,11.91,469311
2025-07-01,12.14,12.13,12.27,12.02,270112
2025-07-02,12.13,12.01,12.35,11.91,268341
2025-07-03,12.0,11.89,12.15,11.8,247530
2025-07-04,11.93,12.14,12.33,11.79,367064
2025-07-07,12.13,11.94,12.67,11.92,616414
2025-07-08,11.99,12.14,12.33,11.8,379802
2025-07-09,12.14,12.24,12.28,12.05,335839
2025-07-10,12.27,12.22,12.48,12.13,380339
2025-07-11,12.19,12.12,12.25,11.99,291475
2025-07-14,12.08,12.62,12.7,11.9,673136
2025-07-15,12.75,12.64,12.79,12.4,570572
2025-07-16,12.65,12.97,13.23,12.65,677583
2025-07-17,12.92,13.74,13.78,12.79,798550
2025-07-18,13.75,13.56,13.78,13.47,453802
